Authors;Title;Year;Source title;Link;Citação
Simeoni F., Cassia F., Ugolini M.M.;Understanding the weak signals of demand in a mature tourist destination: The contribution of a sustainable approach;2019;Journal of Cleaner Production;https://www.scopus.com/inward/record.uri?eid=2-s2.0-85062152718&doi=10.1016%2fj.jclepro.2019.02.072&partnerID=40&md5=951ec414b2a4812f7280f6e381150eb2;
van Veen B.L., Roland Ortt J., Badke-Schaub P.G.;Compensating for perceptual filters in weak signal assessments;2019;Futures;https://www.scopus.com/inward/record.uri?eid=2-s2.0-85062443424&doi=10.1016%2fj.futures.2019.02.018&partnerID=40&md5=c5828b1d9ec23c2e827789fc6a9a7e88;
Garcia-Nunes P.I., da Silva A.E.A.;Using a conceptual system for weak signals classification to detect threats and opportunities from web;2019;Futures;https://www.scopus.com/inward/record.uri?eid=2-s2.0-85057208245&doi=10.1016%2fj.futures.2018.11.004&partnerID=40&md5=985c00c858dbec1899fd187eaab4af13;
Chen H., Liu M., Zhongchuan F.;Using Improved Hilbert–Huang Transformation Method to Detect Routing-Layer Reduce of Quality Attack in Wireless Sensor Network;2019;Wireless Personal Communications;https://www.scopus.com/inward/record.uri?eid=2-s2.0-85055696679&doi=10.1007%2fs11277-018-6036-3&partnerID=40&md5=5931556382cadde26422373a19ded4c3;
McGrath J., Fischetti J.;What if compulsory schooling was a 21st century invention? Weak signals from a systematic review of the literature;2019;International Journal of Educational Research;https://www.scopus.com/inward/record.uri?eid=2-s2.0-85063806822&doi=10.1016%2fj.ijer.2019.02.006&partnerID=40&md5=20889f7bff5fd25d69646648c5d234c0;Counterfactual thinking provides a creative but rigorous way of thinking about problems and construct possible futures.  (p.2)
Chen H., Li D., Wang Y., Yin F.;UAV Hovering Strategy Based on a Wirelessly Powered Communication Network;2019;IEEE Access;https://www.scopus.com/inward/record.uri?eid=2-s2.0-85059273711&doi=10.1109%2fACCESS.2018.2889794&partnerID=40&md5=0c42a5f2659dcae467d4caf780973fde;
Song E., Cheng N., Liu H., Song H.;Approach to weak signal detection via over-sampling and bidirectional saw-tooth shaped function in wearable devices;2018;Multimedia Tools and Applications;https://www.scopus.com/inward/record.uri?eid=2-s2.0-85033474413&doi=10.1007%2fs11042-017-5362-x&partnerID=40&md5=60792690d120c474b159a95cd77a9d45;
Li P., He L., Wang H., Hu X., Zhang Y., Li L., Wu X.;Learning from Short Text Streams with Topic Drifts;2018;IEEE Transactions on Cybernetics;https://www.scopus.com/inward/record.uri?eid=2-s2.0-85030642052&doi=10.1109%2fTCYB.2017.2748598&partnerID=40&md5=639f4ecadf70a63d4f51f1f3a5be292a;
Yatawatta S.;Performance Analysis of Distributed Radio Interferometric Calibration;2018;Proceedings of the IEEE Sensor Array and Multichannel Signal Processing Workshop;https://www.scopus.com/inward/record.uri?eid=2-s2.0-85053633089&doi=10.1109%2fSAM.2018.8448481&partnerID=40&md5=b7440fe47f30e634185345105ee2b541;
Kumar S., Kaltenberger F., Ramirez A., Kloiber B.;A Robust Decoding Method for OFDM Systems under Multiple Co-Channel Narrowband Interferers;2018;2018 European Conference on Networks and Communications, EuCNC 2018;https://www.scopus.com/inward/record.uri?eid=2-s2.0-85053562728&doi=10.1109%2fEuCNC.2018.8442722&partnerID=40&md5=b277d97ba399cf95264865d9c011e8ab;
Bertoncel T., Erenda I., Meško M.;Managerial early warning system as best practice for project selection at a smart factory;2018;Amfiteatru Economic;https://www.scopus.com/inward/record.uri?eid=2-s2.0-85055354361&doi=10.24818%2fEA%2f2018%2f49%2f805&partnerID=40&md5=00065bbf931f675e73fd8593faaff448;
Mühlroth C., Grottke M.;A systematic literature review of mining weak signals and trends for corporate foresight;2018;Journal of Business Economics;https://www.scopus.com/inward/record.uri?eid=2-s2.0-85044195753&doi=10.1007%2fs11573-018-0898-4&partnerID=40&md5=ef53a030c6d25b854ba051dd45ebb1ed;
Bertoncel T., Erenda I., Bach M.P., Roblek V., Meško M.;A Managerial Early Warning System at a Smart Factory: An Intuitive Decision-making Perspective;2018;Systems Research and Behavioral Science;https://www.scopus.com/inward/record.uri?eid=2-s2.0-85052740913&doi=10.1002%2fsres.2542&partnerID=40&md5=28f8b0303e6b90481d873c87b34c3fca;
Chaidaroon S., Ebesu T., Fang Y.;Deep semantic text hashing with weak supervision;2018;41st International ACM SIGIR Conference on Research and Development in Information Retrieval, SIGIR 2018;https://www.scopus.com/inward/record.uri?eid=2-s2.0-85051458264&doi=10.1145%2f3209978.3210090&partnerID=40&md5=a6e9da268c49e6ed8e9a5cdb61561d71;
Karjalainen J., Heinonen S.;The pioneers of renewable energy are around the world - What can we learn from them?;2018;Journal of Futures Studies;https://www.scopus.com/inward/record.uri?eid=2-s2.0-85049396456&doi=10.6531%2fJFS.201806.22%284%29.0006&partnerID=40&md5=36c30779e97bdc988ca763e18a22d058;
Glassey-Previdoli D., Metz J.-C., Fragnière E.;An 'à la Ansoff weak signal' feedforward control for pharmaceutical distribution: A pilot study on standard operating procedure for managing customer complaints;2018;2018 7th International Conference on Industrial Technology and Management, ICITM 2018;https://www.scopus.com/inward/record.uri?eid=2-s2.0-85050547776&doi=10.1109%2fICITM.2018.8333933&partnerID=40&md5=5fadf0c53c7dd4253d6566eaf4fd4aad;
Wang J., Wu K., Sim A., Hwangbo S.;Convolutional filtering for accurate signal timing from noisy streaming data;2018;Proceedings - 2017 IEEE 15th International Conference on Dependable, Autonomic and Secure Computing, 2017 IEEE 15th International Conference on Pervasive Intelligence and Computing, 2017 IEEE 3rd International Conference on Big Data Intelligence and Computing and 2017 IEEE Cyber Science and Technology Congress, DASC-PICom-DataCom-CyberSciTec 2017;https://www.scopus.com/inward/record.uri?eid=2-s2.0-85048077754&doi=10.1109%2fDASC-PICom-DataCom-CyberSciTec.2017.157&partnerID=40&md5=a044d9ec386dfb3bb36470148a5e7098;
Kwon L.-N., Park J.-H., Moon Y.-H., Lee B., Shin Y., Kim Y.-K.;Weak signal detecting of industry convergence using information of products and services of global listed companies - focusing on growth engine industry in South Korea;2018;Journal of Open Innovation: Technology, Market, and Complexity;https://www.scopus.com/inward/record.uri?eid=2-s2.0-85058289645&doi=10.1186%2fs40852-018-0083-6&partnerID=40&md5=b82d707d8efb8aceebdde9c5d2ac220e;
Lee Y.-J., Park J.-Y.;Identification of future signal based on the quantitative and qualitative text mining: a case study on ethical issues in artificial intelligence;2018;Quality and Quantity;https://www.scopus.com/inward/record.uri?eid=2-s2.0-85031427044&doi=10.1007%2fs11135-017-0582-8&partnerID=40&md5=7c832badbcf9ced383f4cad244fe71aa;
Yoo S.H., Won D.;Simulation of weak signals of nanotechnology innovation in complex system;2018;Sustainability (Switzerland);https://www.scopus.com/inward/record.uri?eid=2-s2.0-85041920796&doi=10.3390%2fsu10020486&partnerID=40&md5=946af07a00e1408f1af0d20d9765d350;
Efimenko I.V., Khoroshevsky V.F.;Advanced methods: Identification of promising high-tech solutions with semantic technologies: Energy, pharma, and other industries;2018;Innovation Discovery: Network Analysis Of Research And Invention Activity For Technology Management;https://www.scopus.com/inward/record.uri?eid=2-s2.0-85045591873&partnerID=40&md5=3cffd1617baea52453a95d664df61d8a;
Remy C., Rym B., Matthieu L.;Tracking bitcoin users activity using community detection on a network of weak signals;2018;Studies in Computational Intelligence;https://www.scopus.com/inward/record.uri?eid=2-s2.0-85036647343&doi=10.1007%2f978-3-319-72150-7_14&partnerID=40&md5=edaf2a25ed4d209936e4722f36bc1cce;
Milovidov V.;Hearing the sound of the wave: What impedes one's ability to foresee innovations?;2018;Foresight and STI Governance;https://www.scopus.com/inward/record.uri?eid=2-s2.0-85046429950&doi=10.17323%2f2500-2597.2018.1.88.97&partnerID=40&md5=433c2de3bf85b41dd4aa2a53ed04ddbe;
Takala A., Heino O.;Weak signals and wild cards in water and sanitation services – exploring an approach for water utilities;2017;European Journal of Futures Research;https://www.scopus.com/inward/record.uri?eid=2-s2.0-85041575731&doi=10.1007%2fs40309-017-0111-y&partnerID=40&md5=80b46d1eca06e7831947361c0c1cf9fb;
Rowe E., Wright G., Derbyshire J.;Enhancing horizon scanning by utilizing pre-developed scenarios: Analysis of current practice and specification of a process improvement to aid the identification of important ‘weak signals’;2017;Technological Forecasting and Social Change;https://www.scopus.com/inward/record.uri?eid=2-s2.0-85028313726&doi=10.1016%2fj.techfore.2017.08.001&partnerID=40&md5=1a65f69a4a8c7dd3fcc8be1487f5a7f7;
Salacuse J.W.;Of handcuffs and signals: Investment treaties and capital flows to developing countries;2017;Harvard International Law Journal;https://www.scopus.com/inward/record.uri?eid=2-s2.0-85027470558&partnerID=40&md5=ee6eda35bc880848984aa5852ac08aa7;
Heinonen S., Karjalainen J., Ruotsalainen J., Steinmüller K.;Surprise as the new normal – implications for energy security;2017;European Journal of Futures Research;https://www.scopus.com/inward/record.uri?eid=2-s2.0-85041578213&doi=10.1007%2fs40309-017-0117-5&partnerID=40&md5=5697c0b33087e830775406244db6de02;
Pépin L., Kuntz P., Blanchard J., Guillet F., Suignard P.;Visual analytics for exploring topic long-term evolution and detecting weak signals in company targeted tweets;2017;Computers and Industrial Engineering;https://www.scopus.com/inward/record.uri?eid=2-s2.0-85014741656&doi=10.1016%2fj.cie.2017.01.025&partnerID=40&md5=47318369084e9a9f9343a20eadc623b1;
Rascão J.P.;Strategic information surveillance;2017;Managerial Strategies for Business Sustainability During Turbulent Times;https://www.scopus.com/inward/record.uri?eid=2-s2.0-85028701332&doi=10.4018%2f978-1-5225-2716-9.ch005&partnerID=40&md5=874332cb626525dd48f26b7b9d26bb4a;
Leon R.-D.;A managerial early warning system: From an abstract to a subjective approach;2017;Managerial Strategies for Business Sustainability During Turbulent Times;https://www.scopus.com/inward/record.uri?eid=2-s2.0-85028708927&doi=10.4018%2f978-1-5225-2716-9.ch006&partnerID=40&md5=9cc500a3c7e2d04c2c84d037b07f6619;
Kim J., Lee C.;Novelty-focused weak signal detection in futuristic data: Assessing the rarity and paradigm unrelatedness of signals;2017;Technological Forecasting and Social Change;https://www.scopus.com/inward/record.uri?eid=2-s2.0-85017499006&doi=10.1016%2fj.techfore.2017.04.006&partnerID=40&md5=14977ce3f2214008cfeda365182c6666;
Kaivo-Oja J.;Identifying terrorists in cyber space: Evaluating the potential role of emerging radical technologies and technology disruption in terrorism foresight;2017;Identification of Potential Terrorists and Adversary Planning: Emerging Technologies and New Counter-Terror Strategies;https://www.scopus.com/inward/record.uri?eid=2-s2.0-85021046475&doi=10.3233%2f978-1-61499-748-1-137&partnerID=40&md5=50d7e74e2de0788a673de0c91cfb556f;
Bisson C., Diner Ö.Y.;Strategic Early Warning System for the French milk market: A graph theoretical approach to foresee volatility;2017;Futures;https://www.scopus.com/inward/record.uri?eid=2-s2.0-85011342778&doi=10.1016%2fj.futures.2017.01.004&partnerID=40&md5=fd0173ff68ea04eb0a9e2bc898e408b2;
Song C.H., Elvers D., Leker J.;Anticipation of converging technology areas — A refined approach for the identification of attractive fields of innovation;2017;Technological Forecasting and Social Change;https://www.scopus.com/inward/record.uri?eid=2-s2.0-85028243270&doi=10.1016%2fj.techfore.2016.11.001&partnerID=40&md5=365497697664c98cbc8af18fcb783810;
Mohammadi M., Eivazi M.R., Sajjadi J.;Wildcards – natural and artificial: the combination of a panel of experts and Fuzzy TOPSIS;2017;Foresight;https://www.scopus.com/inward/record.uri?eid=2-s2.0-85014817004&doi=10.1108%2fFS-08-2016-0040&partnerID=40&md5=70b6ea2c26c7977f696877ba16d424c3;
Gitelman L.D., Gavrilova T.B., Gitelman L.M., Kozhevnikov M.V.;Proactive management in the power industry: Tool support;2017;International Journal of Sustainable Development and Planning;https://www.scopus.com/inward/record.uri?eid=2-s2.0-85047505032&doi=10.2495%2fSDP-V12-N8-1359-1369&partnerID=40&md5=6463788b5873b4561711258f2ef122e1;
Bereznoy A.;Corporate foresight in multinational business strategies;2017;Foresight and STI Governance;https://www.scopus.com/inward/record.uri?eid=2-s2.0-85020112196&doi=10.17323%2f2500-2597.2017.1.9.22&partnerID=40&md5=823441f71dd0fe16b912aef94ccee58e;
De Toni A.F., Siagri R., Battistella C., Cremonese L.;Corporate foresight: Anticipating the future;2017;Corporate Foresight: Anticipating the Future;https://www.scopus.com/inward/record.uri?eid=2-s2.0-85049813434&doi=10.4324%2f9781315411576&partnerID=40&md5=5bc8ecd810e1c7aa17691845a47a0f37;
Joneidi Jafari M., NiliPourTabataba’i S.A.;Corporate foresight and its effect on innovation, strategic decision making and organizational performance (case study: Iranian banking industry);2017;Foresight;https://www.scopus.com/inward/record.uri?eid=2-s2.0-85034607175&doi=10.1108%2fFS-07-2017-0035&partnerID=40&md5=e647488bdbd890bfbf1548e48e720e39;
Dudin M.N., Protsenko I.O., Frolova E.E., Posokhov S.P., Voikova N.A.;Managing the development of high-tech enterprises based on foresighting;2017;Academy of Strategic Management Journal;https://www.scopus.com/inward/record.uri?eid=2-s2.0-85040629768&partnerID=40&md5=7e7fdda37a9b49dc144ac5e32c03bede;
Vishnevskiy K., Yaroslavtsev A.;Russian S&T Foresight 2030: case of nanotechnologies and new materials;2017;Foresight;https://www.scopus.com/inward/record.uri?eid=2-s2.0-85018743570&doi=10.1108%2fFS-08-2016-0041&partnerID=40&md5=e3271f09d1cc7f8681f346c9ce91f7d3;
Lu S., Weathers D., Tseng S.-L., Grover V.;The effect of herding behavior on online review voting participation;2017;AMCIS 2017 - America's Conference on Information Systems: A Tradition of Innovation;https://www.scopus.com/inward/record.uri?eid=2-s2.0-85048529579&partnerID=40&md5=d2d6b0b55d978c7d3535ddcde51c973a;
Grebenyuk A., Ravin N.;The long-term development of Russian biotech sector;2017;Foresight;https://www.scopus.com/inward/record.uri?eid=2-s2.0-85029871874&doi=10.1108%2fFS-06-2016-0024&partnerID=40&md5=ff9d28c1e6c9c7212b39267307099461;
Ding X., Qiu Z., Chen X.;Sparse transition matrix estimation for high-dimensional and locally stationary vector autoregressive models;2017;Electronic Journal of Statistics;https://www.scopus.com/inward/record.uri?eid=2-s2.0-85032266173&doi=10.1214%2f17-EJS1325&partnerID=40&md5=fbecf87e21196de999022831b4737312;
Saritas O., Proskuryakova L.N.;Water resources – an analysis of trends, weak signals and wild cards with implications for Russia;2017;Foresight;https://www.scopus.com/inward/record.uri?eid=2-s2.0-85018730520&doi=10.1108%2fFS-07-2016-0033&partnerID=40&md5=6a83898c8a37776958d1eee8517571bf;
Luyts P.;Towards a conceptual model for decision-making regarding the incorporation of disruptive technology: Technology scanning for early warning signals;2017;CEUR Workshop Proceedings;https://www.scopus.com/inward/record.uri?eid=2-s2.0-85040330694&partnerID=40&md5=e1ecfdeee713f30b37d479a7a5f83724;
Hashemkhani Zolfani S., Maknoon R., Juzefovič A.;Leadership, music and creative society: A philosophical analysis of possible future [Lyderystė, muzika ir kūrybos visuomenė: Galimos ateities filosofinė analizė];2017;Filosofija, Sociologija;https://www.scopus.com/inward/record.uri?eid=2-s2.0-85014458692&partnerID=40&md5=4ddf6f91809cc0361d488ec297694e32;
Rowe F., Besson P., Hemon A.;Socio-technical inertia, dynamic capabilities and environmental uncertainty: Senior management views and implications for organizational transformation;2017;Proceedings of the 25th European Conference on Information Systems, ECIS 2017;https://www.scopus.com/inward/record.uri?eid=2-s2.0-85058052799&partnerID=40&md5=49b7d7c4757bc85c683ee4bc56258a2d;
Kim J., Park Y., Lee Y.;A visual scanning of potential disruptive signals for technology roadmapping: investigating keyword cluster, intensity, and relationship in futuristic data;2016;Technology Analysis and Strategic Management;https://www.scopus.com/inward/record.uri?eid=2-s2.0-84973659255&doi=10.1080%2f09537325.2016.1193593&partnerID=40&md5=3418f86bae7c170ddba444a6961dce94;
Marchetti M., Pierazzi F., Colajanni M., Guido A.;Analysis of high volumes of network traffic for Advanced Persistent Threat detection;2016;Computer Networks;https://www.scopus.com/inward/record.uri?eid=2-s2.0-84995685027&doi=10.1016%2fj.comnet.2016.05.018&partnerID=40&md5=7d4444022335951606473cc7aceb623f;
Bapna R., Ramaprasad J., Shmueli G., Umyarov A.;One-way mirrors in online dating: A randomized field experiment;2016;Management Science;https://www.scopus.com/inward/record.uri?eid=2-s2.0-84994888098&doi=10.1287%2fmnsc.2015.2301&partnerID=40&md5=11c33a422f0c7707f81577fba9d272f1;
Pidun T., Croenertz O.;A performance management software integrating the concept of visibility of performance;2016;International Journal of Information System Modeling and Design;https://www.scopus.com/inward/record.uri?eid=2-s2.0-85014642103&doi=10.4018%2fIJISMD.2016100102&partnerID=40&md5=aeb9b558f8176a3345fdd48784ba5937;
Su H.-C., Linderman K.;An Empirical Investigation in Sustaining High-Quality Performance;2016;Decision Sciences;https://www.scopus.com/inward/record.uri?eid=2-s2.0-84958074220&doi=10.1111%2fdeci.12210&partnerID=40&md5=c80d41a9ce2ebcebbbae58a0d25f92af;
Arnaboldi M., Brambilla M., Cassottana B., Ciuccarelli P., Vantini S.;How twitter reveals cities within cities;2016;ACM International Conference Proceeding Series;https://www.scopus.com/inward/record.uri?eid=2-s2.0-85054192877&doi=10.1145%2f2930971.2930985&partnerID=40&md5=36fa80d895d6397315ac01486afa70fc;
Roux-Dufort C.;Delving into the Roots of Crises: The Genealogy of Surprise;2016;The Handbook of International Crisis Communication Research;https://www.scopus.com/inward/record.uri?eid=2-s2.0-85026325090&doi=10.1002%2f9781118516812.ch3&partnerID=40&md5=7af9f74c4e822611330396c2cd58e86e;
Suciu G., Vulpe A., Martian A., Halunga S., Vizireanu D.N.;Big Data Processing for Renewable Energy Telemetry Using a Decentralized Cloud M2M System;2016;Wireless Personal Communications;https://www.scopus.com/inward/record.uri?eid=2-s2.0-84961115320&doi=10.1007%2fs11277-015-2527-7&partnerID=40&md5=9f321ee031dd67c77840081f6b431d4d;
Koivisto R., Kulmala I., Gotcheva N.;Weak signals and damage scenarios - Systematics to identify weak signals and their sources related to mass transport attacks;2016;Technological Forecasting and Social Change;https://www.scopus.com/inward/record.uri?eid=2-s2.0-84961286173&doi=10.1016%2fj.techfore.2015.12.010&partnerID=40&md5=e6bc1245cf46bbd0cdc9cca304cc8100;
Warnke P., Schirrmeister E.;Small seeds for grand challenges-Exploring disregarded seeds of change in a foresight process for RTI policy;2016;Futures;https://www.scopus.com/inward/record.uri?eid=2-s2.0-84954480789&doi=10.1016%2fj.futures.2015.12.001&partnerID=40&md5=a0cd4b659dd0e361ad2a53cf87471894;
Derbyshire J.;The implications, challenges and benefits of a complexity-orientated Futures Studies;2016;Futures;https://www.scopus.com/inward/record.uri?eid=2-s2.0-84959423153&doi=10.1016%2fj.futures.2016.02.001&partnerID=40&md5=3e92783707a135cbe06c816d94643b4f;
Lv Z., Wu H., Li J.;Design of adaptive filter amplifier in UV communication based on DSP;2016;Proceedings of SPIE - The International Society for Optical Engineering;https://www.scopus.com/inward/record.uri?eid=2-s2.0-85008472849&doi=10.1117%2f12.2244669&partnerID=40&md5=458bbefc6fbff4c12ffba0e9e952d0ea;
Burman C.J., Aphane M., Delobelle P.;Weak signal detection: A discrete window of opportunity for achieving ‘vision 90:90:90’?;2016;Sahara J;https://www.scopus.com/inward/record.uri?eid=2-s2.0-84961799058&doi=10.1080%2f17290376.2015.1123642&partnerID=40&md5=ec6cbecd3c45e02bb7da567dc080fc0d;
Yang W., Cui X., Liu J., Liu Y.;Identification of Potential Collective Actions Using Enhanced Gray System Theory on Social Media;2016;IEEE Access;https://www.scopus.com/inward/record.uri?eid=2-s2.0-85015222465&doi=10.1109%2fACCESS.2017.2647823&partnerID=40&md5=7061bc2363577a089d6766a4a7a8e528;
Pisz I., Lapunka I., Wittbrodt P.;Theoretical framework for early warning system in project management;2016;Proceedings of the 27th International Business Information Management Association Conference - Innovation Management and Education Excellence Vision 2020: From Regional Development Sustainability to Global Economic Growth, IBIMA 2016;https://www.scopus.com/inward/record.uri?eid=2-s2.0-84984629239&partnerID=40&md5=1ddf5a41aab5a9bab1a028191ba2c41c;
Günther S., Patrick K., Toni D., Simon R., Tim W.;Identifying and evaluating disruptive technologies using technology scanning;2016;IAMOT 2016 - 25th International Association for Management of Technology Conference, Proceedings: Technology - Future Thinking;https://www.scopus.com/inward/record.uri?eid=2-s2.0-84988419996&partnerID=40&md5=de7dc51a99133d9bc18c677c9a2dee50;
Peter M.K., Jarratt D.G.;The practice of foresight in long-term planning;2015;Technological Forecasting and Social Change;https://www.scopus.com/inward/record.uri?eid=2-s2.0-84949088338&doi=10.1016%2fj.techfore.2013.12.004&partnerID=40&md5=3f3269813a09dca46905912b7027f4cb;
Gayle G.-L., Golan L., Miller R.A.;Promotion, Turnover, and Compensation in the Executive Labor Market;2015;Econometrica;https://www.scopus.com/inward/record.uri?eid=2-s2.0-84949944655&doi=10.3982%2fECTA11020&partnerID=40&md5=da032ff0381e44e4386d11b90c728eaa;
Berkowitz H., Dumez H.;La dynamique des dispositifs d'action collective entre firmes: Le cas des méta-organisations dans le secteur pétrolier;2015;Annee Sociologique;https://www.scopus.com/inward/record.uri?eid=2-s2.0-84970978446&doi=10.3917%2fanso.152.0333&partnerID=40&md5=4695e9ec82ebd9422eb6d0e30aa830cf;
Carbonell J., Sánchez-Esguevillas A., Carro B.;Assessing emerging issues. The external and internal approach;2015;Futures;https://www.scopus.com/inward/record.uri?eid=2-s2.0-84939152721&doi=10.1016%2fj.futures.2015.07.015&partnerID=40&md5=0f485cf3076ab10c5ad27b4cbf2acd97;
Saritas O., Burmaoglu S.;The evolution of the use of Foresight methods: a scientometric analysis of global FTA research output;2015;Scientometrics;https://www.scopus.com/inward/record.uri?eid=2-s2.0-84942980466&doi=10.1007%2fs11192-015-1671-x&partnerID=40&md5=85d750faa9e4566ddade3d73df77d6e7;
Charitonidis C., Rashid A., Taylor P.J.;Weak signals as predictors of real-world phenomena in social media;2015;Proceedings of the 2015 IEEE/ACM International Conference on Advances in Social Networks Analysis and Mining, ASONAM 2015;https://www.scopus.com/inward/record.uri?eid=2-s2.0-84962557208&doi=10.1145%2f2808797.2809332&partnerID=40&md5=41688203843291919920074997ae104f;
Cosenz F., Noto L.;Combining system dynamics modelling and management control systems to support strategic learning processes in SMEs: a Dynamic Performance Management approach;2015;Journal of Management Control;https://www.scopus.com/inward/record.uri?eid=2-s2.0-84938748324&doi=10.1007%2fs00187-015-0208-z&partnerID=40&md5=b0932c7678a51d834afd828f4d9d7d63;
Rohrbeck R., Thom N., Arnold H.;IT tools for foresight: The integrated insight and response system of Deutsche Telekom Innovation Laboratories;2015;Technological Forecasting and Social Change;https://www.scopus.com/inward/record.uri?eid=2-s2.0-84930821128&doi=10.1016%2fj.techfore.2013.09.015&partnerID=40&md5=ea322715ee7a2dc6e95fd6efa1058c4f;
Kurki S., Wilenius M.;Organisations and the sixth wave: Are ethics transforming our economies in the coming decades?;2015;Futures;https://www.scopus.com/inward/record.uri?eid=2-s2.0-84940460694&doi=10.1016%2fj.futures.2014.09.001&partnerID=40&md5=cb965edc93d7d8c5445676cb33cc3116;
Gheorghiu R., Andreescu L., Curaj A.;A foresight toolkit for smart specialization and entrepreneurial discovery;2015;Futures;https://www.scopus.com/inward/record.uri?eid=2-s2.0-84964621975&doi=10.1016%2fj.futures.2016.04.001&partnerID=40&md5=13288b7679a3b7e8c4c856c8b0785cfd;
Hoisl K., Stelzer T., Biala S.;Forecasting technological discontinuities in the ICT industry;2015;Research Policy;https://www.scopus.com/inward/record.uri?eid=2-s2.0-84920692252&doi=10.1016%2fj.respol.2014.10.004&partnerID=40&md5=3b66c6370ec3013bdbf18487a9f398e3;
Thorleuchter D., Van den Poel D.;Idea mining for web-based weak signal detection;2015;Futures;https://www.scopus.com/inward/record.uri?eid=2-s2.0-84920175233&doi=10.1016%2fj.futures.2014.12.007&partnerID=40&md5=867a7553672128d5ee448df156b06088;
El Akrouchi M., Benbrahim H., Kassou I., Ensias A.B.T.;Early warning signs detection in competitive intelligence;2015;Proceedings of the 25th International Business Information Management Association Conference - Innovation Vision 2020: From Regional Development Sustainability to Global Economic Growth, IBIMA 2015;https://www.scopus.com/inward/record.uri?eid=2-s2.0-84947601343&partnerID=40&md5=5e46b82e900165eb2cb820c854246f90;
Kovarikova L., Grosova S.;Proposal of trend database supporting corporate foresight process;2015;Proceedings of the 11th International Conference on Strategic Management and Its Support by Information Systems 2015, SMSIS 2015;https://www.scopus.com/inward/record.uri?eid=2-s2.0-84936122208&partnerID=40&md5=30519e24b6c8008bc508a82caaf4b715;
Schwarz J.O.;The 'Narrative Turn' in developing foresight: Assessing how cultural products can assist organisations in detecting trends;2015;Technological Forecasting and Social Change;https://www.scopus.com/inward/record.uri?eid=2-s2.0-84922232725&doi=10.1016%2fj.techfore.2014.02.024&partnerID=40&md5=b4b21df1e2011cef9e613326e7b0f2db;
Placzek M., Eberling C., Gausemeier J.;Conception of a knowledge management system for technologies;2015;IAMOT 2015 - 24th International Association for Management of Technology Conference: Technology, Innovation and Management for Sustainable Growth, Proceedings;https://www.scopus.com/inward/record.uri?eid=2-s2.0-84959260912&partnerID=40&md5=82c35fb14f422e7ffc3650c7d3246774;
Bootz J.-P., Lievre P., Schenk E.;Solicitation of experts in an undetermined environment: the case of a polar exploration;2015;Journal of Knowledge Management;https://www.scopus.com/inward/record.uri?eid=2-s2.0-84942009920&doi=10.1108%2fJKM-02-2015-0061&partnerID=40&md5=635b44df2f0796ba7cdf4049a9057a6e;
Lesca H., Lesca N.;Strategic Decisions and Weak Signals: Anticipation for Decision-Making;2014;Strategic Decisions and Weak Signals: Anticipation for Decision-Making;https://www.scopus.com/inward/record.uri?eid=2-s2.0-84926405446&doi=10.1002%2f9781118959152&partnerID=40&md5=d66b91268118a6e2d18d3fcd770808f8;
Thorleuchter D., Scheja T., Van Den Poel D.;Semantic weak signal tracing;2014;Expert Systems with Applications;https://www.scopus.com/inward/record.uri?eid=2-s2.0-84898077331&doi=10.1016%2fj.eswa.2014.02.046&partnerID=40&md5=26066de1b7563b4cf2f5b52a81eb4ab8;
Derbyshire J., Wright G.;Preparing for the future: Development of an 'antifragile' methodology that complements scenario planning by omitting causation;2014;Technological Forecasting and Social Change;https://www.scopus.com/inward/record.uri?eid=2-s2.0-84894906356&doi=10.1016%2fj.techfore.2013.07.001&partnerID=40&md5=1b98d0c1c1c69356bab3866a91f061eb;
Schwarz J.O., Kroehl R., von der Gracht H.A.;Novels and novelty in trend research - Using novels to perceive weak signals and transfer frames of reference;2014;Technological Forecasting and Social Change;https://www.scopus.com/inward/record.uri?eid=2-s2.0-84898471744&doi=10.1016%2fj.techfore.2013.09.007&partnerID=40&md5=948de88543c236987ea6d88fe370bcdc;
Battistella C.;The organisation of Corporate Foresight: A multiple case study in the telecommunication industry;2014;Technological Forecasting and Social Change;https://www.scopus.com/inward/record.uri?eid=2-s2.0-84904166266&doi=10.1016%2fj.techfore.2013.10.022&partnerID=40&md5=dad4da51c349b954aa848e278aa9d2d6;
Su H.-C., Linderman K., Schroeder R.G., Van De Ven A.H.;A comparative case study of sustaining quality as a competitive advantage;2014;Journal of Operations Management;https://www.scopus.com/inward/record.uri?eid=2-s2.0-84911861990&doi=10.1016%2fj.jom.2014.09.003&partnerID=40&md5=d53d0529cd33e8b773406c41972821dd;
Fischbacher-Smith D., Fischbacher-Smith M.;What Lies Beneath? The Role of Informal and Hidden Networks in the Management of Crises;2014;Financial Accountability and Management;https://www.scopus.com/inward/record.uri?eid=2-s2.0-84979901344&doi=10.1111%2ffaam.12038&partnerID=40&md5=0d47acbd7522e46de87ed5b4c306a187;
Thyagarajan V., Kaja Mohideen S.;Strengthening anti JAM GPS system with adaptive phase only nulling using evolutionary algorithms;2014;Journal of Theoretical and Applied Information Technology;https://www.scopus.com/inward/record.uri?eid=2-s2.0-84900578761&partnerID=40&md5=bc0eb7af80ab7c519e55cfd115f7bc6d;
Olkkonen L., Luoma-aho V.;Public relations as expectation management?;2014;Journal of Communication Management;https://www.scopus.com/inward/record.uri?eid=2-s2.0-84927521229&doi=10.1108%2fJCOM-02-2013-0012&partnerID=40&md5=92f077d1f1664be45aeec9fd9cb72c9a;
[No author name available];2013 International Conference of Information Science and Management Engineering, ISME 2013, Volume 2;2014;WIT Transactions on Information and Communication Technologies;https://www.scopus.com/inward/record.uri?eid=2-s2.0-84888123352&partnerID=40&md5=0a2d92c5bf816567516c019e500d9bdf;
[No author name available];2013 International Conference of Information Science and Management Engineering, ISME 2013, Volume 3;2014;WIT Transactions on Information and Communication Technologies;https://www.scopus.com/inward/record.uri?eid=2-s2.0-84888106429&partnerID=40&md5=0e198142036790a01e390972a5726ea1;
Mayer J.H., Steinecke N., Quick R., Weitzel T.;"More applicable environmental scanning systems leveraging ""modern"" information systems";2013;Information Systems and e-Business Management;https://www.scopus.com/inward/record.uri?eid=2-s2.0-84888048047&doi=10.1007%2fs10257-012-0207-7&partnerID=40&md5=7b9e6b6a0d58086078813e4ab20c2fa8;
Markmann C., Darkow I.-L., von der Gracht H.;A Delphi-based risk analysis - Identifying and assessing future challenges for supply chain security in a multi-stakeholder environment;2013;Technological Forecasting and Social Change;https://www.scopus.com/inward/record.uri?eid=2-s2.0-84885083957&doi=10.1016%2fj.techfore.2012.10.019&partnerID=40&md5=d6bf3632030d38cf6387d037299079a6;
Hauptman A., Sharan Y.;Foresight of evolving security threats posed by emerging technologies;2013;Foresight;https://www.scopus.com/inward/record.uri?eid=2-s2.0-84885027667&doi=10.1108%2fFS-05-2012-0036&partnerID=40&md5=630edc6257e029bca8a2aca4ca46e202;
Rohrbeck R., Schwarz J.O.;The value contribution of strategic foresight: Insights from an empirical study of large European companies;2013;Technological Forecasting and Social Change;https://www.scopus.com/inward/record.uri?eid=2-s2.0-84883462617&doi=10.1016%2fj.techfore.2013.01.004&partnerID=40&md5=d58fa4e19addfa7c971eb4711085476d;
Senator T.E., Goldberg H.G., Memory A., Young W.T., Rees B., Pierce R., Huang D., Reardon M., Bader D.A., Chow E., Essa I., Jones J., Bettadapura V., Chau D.H., Green O., Kaya O., Zakrzewska A., Briscoe E., Mappus R.L., Mccoll R., Weiss L., Dietterich T.G., Fern A., Wong W.-K., Das S., Emmott A., Irvine J., Lee J.-Y., Koutra D., Faloutsos C., Corkill D., Friedland L., Gentzel A., Jensen D.;Detecting insider threats in a real corporate database of computer usage activity;2013;Proceedings of the ACM SIGKDD International Conference on Knowledge Discovery and Data Mining;https://www.scopus.com/inward/record.uri?eid=2-s2.0-84959879166&doi=10.1145%2f2487575.2488213&partnerID=40&md5=95336784db1b5eabcb2dfeb1dc8c8f81;
Farrington T., Crews C., Blenkle J.;Implications wheels: Structured brainstorming about the future;2013;Research Technology Management;https://www.scopus.com/inward/record.uri?eid=2-s2.0-84877679690&doi=10.5437%2f08956308X5603008&partnerID=40&md5=478f9f6c479494115cc9e8024b7ab76d;
Schoemaker P.J.H., Day G.S., Snyder S.A.;Integrating organizational networks, weak signals, strategic radars and scenario planning;2013;Technological Forecasting and Social Change;https://www.scopus.com/inward/record.uri?eid=2-s2.0-84875380901&doi=10.1016%2fj.techfore.2012.10.020&partnerID=40&md5=025a692edb42376f0080b7fde224f5ac;
Farrington T., Crews C., Blenkle J.;The view from 2038;2013;Research Technology Management;https://www.scopus.com/inward/record.uri?eid=2-s2.0-84874878729&doi=10.5437%2f08956308X5602008&partnerID=40&md5=20411f2132cc7ae38c8f39f376313794;
Schirrmeister E., Warnke P.;Envisioning structural transformation - lessons from a foresight project on the future of innovation;2013;Technological Forecasting and Social Change;https://www.scopus.com/inward/record.uri?eid=2-s2.0-84873998352&doi=10.1016%2fj.techfore.2012.10.008&partnerID=40&md5=0ae4d32ef870cdda1414193bf0f3ec52;
Von Groddeck V., Schwarz J.O.;Perceiving megatrends as empty signifiers: A discourse-theoretical interpretation of trend management;2013;Futures;https://www.scopus.com/inward/record.uri?eid=2-s2.0-84873204987&doi=10.1016%2fj.futures.2013.01.004&partnerID=40&md5=fe47080dd27c6f55fa7d9238148fd2b9;
Thorleuchter D., Van Den Poel D.;Weak signal identification with semantic web mining;2013;Expert Systems with Applications;https://www.scopus.com/inward/record.uri?eid=2-s2.0-84885063026&doi=10.1016%2fj.eswa.2013.03.002&partnerID=40&md5=f67e8c5000bd985bb456b257f5b06fb0;
Kim S., Kim Y.-E., Bae K.-J., Choi S.-B., Park J.-K., Koo Y.-D., Park Y.-W., Choi H.-K., Kang H.-M., Hong S.-W.;NEST: A quantitative model for detecting emerging trends using a global monitoring expert network and bayesian network;2013;Futures;https://www.scopus.com/inward/record.uri?eid=2-s2.0-84885389727&doi=10.1016%2fj.futures.2013.08.004&partnerID=40&md5=0d225411a05de8cbdb4a2e6734ca5f89;
Harper J.C.;Implementing foresight study results in policy action and measures: EU experiences;2013;Science, Technology and Innovation Policy for the Future: Potentials and Limits of Foresight Studies;https://www.scopus.com/inward/record.uri?eid=2-s2.0-84956564251&doi=10.1007%2f978-3-642-31827-6_12&partnerID=40&md5=de6f6a6e1c940c53d04c5168388b20b8;
Gidley J.M.;"Are futures organisations "" ahead of their times"" ? A view of the World Futures Studies Federation in the 21st century";2013;Futures;https://www.scopus.com/inward/record.uri?eid=2-s2.0-84873142139&doi=10.1016%2fj.futures.2012.11.010&partnerID=40&md5=fb20e68716367831a7409f4a709a0977;
Amanatidou E., Butter M., Carabias V., Könnölä T., Leis M., Saritas O., Schaper-Rinkel P., van Rij V.;On concepts and methods in horizon scanning: Lessons from initiating policy dialogues on emerging issues;2012;Science and Public Policy;https://www.scopus.com/inward/record.uri?eid=2-s2.0-84865973083&doi=10.1093%2fscipol%2fscs017&partnerID=40&md5=b53544f91e599ab4cd959f0e3ef27a43;
Poli R.;Complexity, acceleration, and anticipation;2012;Emergence: Complexity and Organization;https://www.scopus.com/inward/record.uri?eid=2-s2.0-84873648492&partnerID=40&md5=a1a96bd9df1b78eb5f3dd0a4c97c6a79;
Oikarinen T., Salminen J., Makimattila M.;Facilitating foreseeing and innovation in SMEs;2012;2012 International Symposium on Management of Technology, ISMOT 2012;https://www.scopus.com/inward/record.uri?eid=2-s2.0-84893355333&doi=10.1109%2fISMOT.2012.6679526&partnerID=40&md5=8381872052357d3d8c000c797bad3658;
Yoon J.;Detecting weak signals for long-term business opportunities using text mining of Web news;2012;Expert Systems with Applications;https://www.scopus.com/inward/record.uri?eid=2-s2.0-84864439710&doi=10.1016%2fj.eswa.2012.04.059&partnerID=40&md5=e17ee93e97565acbf9b3cc304ef4664d;
Saritas O., Miles I.;Scan-4-Light: A Searchlight function horizon scanning and trend monitoring project;2012;Foresight;https://www.scopus.com/inward/record.uri?eid=2-s2.0-84869474710&doi=10.1108%2f14636681211284935&partnerID=40&md5=73341d16efd70ac3809ff97ce2dac417;
Kuusi O., Hiltunen E.;The signification process of the future sign;2012;Journal of Futures Studies;https://www.scopus.com/inward/record.uri?eid=2-s2.0-84856888732&partnerID=40&md5=01a7e649060cd185143c348651311e18;
Horton A.;Complexity science approaches to the application foresight;2012;Foresight;https://www.scopus.com/inward/record.uri?eid=2-s2.0-84864124636&doi=10.1108%2f14636681211256080&partnerID=40&md5=dc89522f81dcc6ac11390c0c2ab9523e;
Holopainen M., Toivonen M.;Weak signals: Ansoff today;2012;Futures;https://www.scopus.com/inward/record.uri?eid=2-s2.0-84857656837&doi=10.1016%2fj.futures.2011.10.002&partnerID=40&md5=59796f4d9638033394080b30c523f28a;
Jørgensen U.;Design junctions: Spaces and situations that frame weak signals - the example of hygiene and hospital planning;2012;Futures;https://www.scopus.com/inward/record.uri?eid=2-s2.0-84857654530&doi=10.1016%2fj.futures.2011.10.006&partnerID=40&md5=0920787c22c8b69d4164b7fee6f495d0;
Heinonen S., Hiltunen E.;Creative Foresight Space and the Futures Window: Using visual weak signals to enhance anticipation and innovation;2012;Futures;https://www.scopus.com/inward/record.uri?eid=2-s2.0-84857642978&doi=10.1016%2fj.futures.2011.10.007&partnerID=40&md5=06f06b951692b93e5cf66a15db7aa7f6;
Mendonça S., Cardoso G., Caraça J.;The strategic strength of weak signal analysis;2012;Futures;https://www.scopus.com/inward/record.uri?eid=2-s2.0-84857653851&doi=10.1016%2fj.futures.2011.10.004&partnerID=40&md5=a9ca2489a1c297a0ea9a3402a430fed3;
Kaivo-oja J.;Weak signals analysis, knowledge management theory and systemic socio-cultural transitions;2012;Futures;https://www.scopus.com/inward/record.uri?eid=2-s2.0-84857658959&doi=10.1016%2fj.futures.2011.10.003&partnerID=40&md5=ee04cef8ba40927762f818cec95a289b;
Rossel P.;Early detection, warnings, weak signals and seeds of change: A turbulent domain of futures studies;2012;Futures;https://www.scopus.com/inward/record.uri?eid=2-s2.0-84857645456&doi=10.1016%2fj.futures.2011.10.005&partnerID=40&md5=e01ae7ec6cbf9da5c6edebae933ea136;
Lobo G.J., Song M., Stanford M.;Accruals quality and analyst coverage;2012;Journal of Banking and Finance;https://www.scopus.com/inward/record.uri?eid=2-s2.0-81955167937&doi=10.1016%2fj.jbankfin.2011.08.006&partnerID=40&md5=10226ba3c39e3b029742b863a5238576;
Gidley J.M.;Evolution of education: From weak signals to rich imaginaries of educational futures;2012;Futures;https://www.scopus.com/inward/record.uri?eid=2-s2.0-80055013720&doi=10.1016%2fj.futures.2011.08.006&partnerID=40&md5=367458bb33cc6e943db1f943d09f1b37;
Sokolov A., Chulok A.;Russian science and technology foresight - 2030: Key features and first results;2012;Foresight Russia;https://www.scopus.com/inward/record.uri?eid=2-s2.0-84884504469&doi=10.17323%2f1995-459X.2012.1.12.25&partnerID=40&md5=7992b32c354a46fd84e1514d5be8dc47;
Van Rij V.;New emerging issues and wild cards as future shakers and shapers;2012;Foresight Russia;https://www.scopus.com/inward/record.uri?eid=2-s2.0-84886571904&doi=10.17323%2f1995-459X.2012.1.60.73&partnerID=40&md5=dbfa40d390d2f7e91d1aaf158cbf0621;
Poppo L., Schepker D.J.D.J.;The repair of public trust following controllable or uncontrollable organizational failures: A conceptual framework;2012;Public Trust in Business;https://www.scopus.com/inward/record.uri?eid=2-s2.0-84923390829&doi=10.1017%2fCBO9781139152389.015&partnerID=40&md5=8ec01dd42a6bf4ec2e00d24e5c9a1183;
Zanfei A.;Playing around an oxymoron: International business with a human face;2012;Critical Perspectives on International Business;https://www.scopus.com/inward/record.uri?eid=2-s2.0-84856304669&doi=10.1108%2f17422041211197567&partnerID=40&md5=0c2d10ddd0f9cda7f06d43fc55dc27b1;
Bondu E., Chaignaud N., Kotowicz J.-P., Abdulrab H., Brunessaux S.;Scenario model for weak signal detection;2011;Proceedings - 7th International Conference on Signal Image Technology and Internet-Based Systems, SITIS 2011;https://www.scopus.com/inward/record.uri?eid=2-s2.0-84855945558&doi=10.1109%2fSITIS.2011.53&partnerID=40&md5=50198b90340350883bf44d515d552b81;
Mayer J.H., Steinecke N.;Managing the future-state-of-the-art environmental scanning systems and initial design principles for a new generation;2011;17th Americas Conference on Information Systems 2011, AMCIS 2011;https://www.scopus.com/inward/record.uri?eid=2-s2.0-84870357089&partnerID=40&md5=6fe855964cec77aecfaba1f575d8b265;
Steinecke N., Quick R., Mohr T.;Environmental scanning systems: State of the art and first instantiation;2011;PACIS 2011 - 15th Pacific Asia Conference on Information Systems: Quality Research in Pacific;https://www.scopus.com/inward/record.uri?eid=2-s2.0-84855824359&partnerID=40&md5=aa6fe7409cb21c97ea715ee1bd0bf604;
Misuraca G., Rossel P.;Reflexivity, modelling and weak signals of transformational tracks to support both micro- and macro-measuring of information society services;2011;ACM International Conference Proceeding Series;https://www.scopus.com/inward/record.uri?eid=2-s2.0-84855364934&doi=10.1145%2f2072069.2072084&partnerID=40&md5=8f2ed462ac190ac3ad5e8d9111faf518;
Sabel C.F., Simon W.H.;Minimalism and experimentalism in the administrative State;2011;Georgetown Law Journal;https://www.scopus.com/inward/record.uri?eid=2-s2.0-83755178971&partnerID=40&md5=df0d57ad8d365e7d0c4c09809497ce16;
Suazo M.M., Martínez P.G., Sandoval R.;Creating Psychological and Legal Contracts Through HRM Practices: A Strength of Signals Perspective;2011;Employee Responsibilities and Rights Journal;https://www.scopus.com/inward/record.uri?eid=2-s2.0-79961173123&doi=10.1007%2fs10672-011-9169-z&partnerID=40&md5=8f226eb1e4a647afdbbe41c30e7b7ef8;
Battistella C., De Toni A.F.;A methodology of technological foresight: A proposal and field study;2011;Technological Forecasting and Social Change;https://www.scopus.com/inward/record.uri?eid=2-s2.0-79957523818&doi=10.1016%2fj.techfore.2011.01.006&partnerID=40&md5=719379dcc9bbede32fee246fd417512c;
Pätäri S., Kyläheiko K., Sandström J.;Opening up new strategic options in the pulp and paper industry: Case biorefineries;2011;Forest Policy and Economics;https://www.scopus.com/inward/record.uri?eid=2-s2.0-79960121403&doi=10.1016%2fj.forpol.2011.06.003&partnerID=40&md5=870f276cf265147c75f72c4dea627da2;
Mayer J.H.;Managing the future - Six guidelines for designing environmental scanning systems;2011;Lecture Notes in Computer Science (including subseries Lecture Notes in Artificial Intelligence and Lecture Notes in Bioinformatics);https://www.scopus.com/inward/record.uri?eid=2-s2.0-79955848175&doi=10.1007%2f978-3-642-20633-7_20&partnerID=40&md5=e1f2f8ad12805e4c5e6431d9cd48791e;
Saritas O., Smith J.E.;The Big Picture - trends, drivers, wild cards, discontinuities and weak signals;2011;Futures;https://www.scopus.com/inward/record.uri?eid=2-s2.0-79952487832&doi=10.1016%2fj.futures.2010.11.007&partnerID=40&md5=0c3563e584c8b691c716b5ae35170a3d;
Rossel P.;Beyond the obvious: Examining ways of consolidating early detection schemes;2011;Technological Forecasting and Social Change;https://www.scopus.com/inward/record.uri?eid=2-s2.0-79951671219&doi=10.1016%2fj.techfore.2010.06.016&partnerID=40&md5=e14771e44277ce76c1965d85a9433a24;
Kuosa T.;Different approaches of pattern management and strategic intelligence;2011;Technological Forecasting and Social Change;https://www.scopus.com/inward/record.uri?eid=2-s2.0-79951681291&doi=10.1016%2fj.techfore.2010.06.004&partnerID=40&md5=a05213638e6683365f322527bcc4834a;
Duin H., Thoben K.-D.;Serious gaming for sustainable manufacturing: A requirements analysis;2011;2011 17th International Conference on Concurrent Enterprising, ICE 2011 - Conference Proceedings;https://www.scopus.com/inward/record.uri?eid=2-s2.0-80054896302&partnerID=40&md5=45455e100bb61c9145882310ded07cbd;
Mayer J.H., Steinecke N., Quick R.;Improving the applicability of environmental scanning systems: State of the art and future research;2011;IFIP Advances in Information and Communication Technology;https://www.scopus.com/inward/record.uri?eid=2-s2.0-84951130478&partnerID=40&md5=5aca7bc5bfa69f21c1a5c0f8d3037648;
Mulvihill P.R., Kramkowski V.;Extending the influence of scenario development in sustainability planning and strategy;2010;Sustainability;https://www.scopus.com/inward/record.uri?eid=2-s2.0-79954532486&doi=10.3390%2fsu2082449&partnerID=40&md5=0470d6769a36f3fda788d25b652affd4;
Pang A.S.-K.;"Social scanning: Improving futures through Web 2.0; or, finally a use for twitter";2010;Futures;https://www.scopus.com/inward/record.uri?eid=2-s2.0-78649717033&doi=10.1016%2fj.futures.2010.09.003&partnerID=40&md5=8bcb094d8ec1024e58516a0311d0e0ea;
Gidley J.M.;"Globally scanning for "" Megatrends of the Mind"": Potential futures of futures thinking";2010;Futures;https://www.scopus.com/inward/record.uri?eid=2-s2.0-78649702546&doi=10.1016%2fj.futures.2010.08.002&partnerID=40&md5=362e293108be34d69ff8bf90be782d9f;
Rossel P.;Making anticipatory systems more robust;2010;Foresight;https://www.scopus.com/inward/record.uri?eid=2-s2.0-77953260406&doi=10.1108%2f14636681011049893&partnerID=40&md5=db5dcf53eba31567730c91f92cc3b190;
Gabay G., Flores L., Moskowitz H., Maier A.;Creating technology-based merchandising ideas for hair coloring through weak signals, concept optimization and mind-set segmentation;2010;Journal of Consumer Marketing;https://www.scopus.com/inward/record.uri?eid=2-s2.0-77952007193&doi=10.1108%2f07363761011038284&partnerID=40&md5=3ef9e5cce2ab5fb0b557699eb12fbdf7;
Liebl F., Schwarz J.O.;Normality of the future: Trend diagnosis for strategic foresight;2010;Futures;https://www.scopus.com/inward/record.uri?eid=2-s2.0-77951645340&doi=10.1016%2fj.futures.2009.11.017&partnerID=40&md5=6d5adc54f790852fd49b89ec6aa7fb0b;
Chan K., Ikenberry D.L., Lee I., Wang Y.;Share repurchases as a potential tool to mislead investors;2010;Journal of Corporate Finance;https://www.scopus.com/inward/record.uri?eid=2-s2.0-76749133634&doi=10.1016%2fj.jcorpfin.2009.10.003&partnerID=40&md5=8f43b7b2b8768fec87899ee72a41ec88;
Machnes Y.;Weak signalling of bond ratings in Israel;2010;European Business Review;https://www.scopus.com/inward/record.uri?eid=2-s2.0-77049121060&doi=10.1108%2f09555341011023533&partnerID=40&md5=32054a0b2901be4f603853e3524e733d;
Kuosa T.;Futures signals sense-making framework (FSSF): A start-up tool to analyse and categorise weak signals, wild cards, drivers, trends and other types of information;2010;Futures;https://www.scopus.com/inward/record.uri?eid=2-s2.0-73549097774&doi=10.1016%2fj.futures.2009.08.003&partnerID=40&md5=b76d7850523adcf66a9ee26f64139d92;
Luoma-aho V., Paloviita A.;Actor-networking stakeholder theory for today's corporate communications;2010;Corporate Communications;https://www.scopus.com/inward/record.uri?eid=2-s2.0-75649120055&doi=10.1108%2f13563281011016831&partnerID=40&md5=40927d8d236429636d366914947bff2d;
Rossel P., Finger M.;Exploring the future of Wi-Fi;2010;The Innovation Journey of Wi-Fi: The Road to Global Success;https://www.scopus.com/inward/record.uri?eid=2-s2.0-84923440810&doi=10.1017%2fCBO9780511666995.015&partnerID=40&md5=b4f6c35dcd94c7628a793b3ace9cc5dc;
Guillaume E.;Risk management in systems: Learning to recognize and respond to weak signals;2009;Safety, Reliability and Risk Analysis: Theory, Methods and Applications - Proceedings of the Joint ESREL and SRA-Europe Conference;https://www.scopus.com/inward/record.uri?eid=2-s2.0-79952353101&partnerID=40&md5=7d5a17024a95856f55b5316fb0487f3f;
Curran C.-S., Leker J.;Seeing the next iphone coming your way: How to anticipate converging industries;2009;PICMET: Portland International Center for Management of Engineering and Technology, Proceedings;https://www.scopus.com/inward/record.uri?eid=2-s2.0-70450199367&doi=10.1109%2fPICMET.2009.5262190&partnerID=40&md5=905479584d59ce33e41d56b7d163d173;
Rossel P.;Weak signals as a flexible framing space for enhanced management and decision-making;2009;Technology Analysis and Strategic Management;https://www.scopus.com/inward/record.uri?eid=2-s2.0-67650879254&doi=10.1080%2f09537320902750616&partnerID=40&md5=bfc2ea29c9ff39124c6a98d3d5ef0066;
Schwarz J.O.;Business wargaming: Developing foresight within a strategic simulation;2009;Technology Analysis and Strategic Management;https://www.scopus.com/inward/record.uri?eid=2-s2.0-67650902159&doi=10.1080%2f09537320902750590&partnerID=40&md5=f7726641915acf059db8e217132e2821;
Weissenberger-Eibl M.A., Joachim K.;Integrating scenario planning and indicator-based early detection for scenario transfer;2008;International Journal of Technology Intelligence and Planning;https://www.scopus.com/inward/record.uri?eid=2-s2.0-54949110990&doi=10.1504%2fIJTIP.2008.020873&partnerID=40&md5=7d0a9c9ebfb9e98a164b6e30f99d8f1c;
Hiltunen E.;Good sources of weak signals: A global study of where futurists look for weak signals;2008;Journal of Futures Studies;https://www.scopus.com/inward/record.uri?eid=2-s2.0-52649115363&partnerID=40&md5=2f1d3140db25f0ce476e9ba11c6b04de;
Pina e Cunha M., Chia R.;Using Teams to Avoid Peripheral Blindness;2007;Long Range Planning;https://www.scopus.com/inward/record.uri?eid=2-s2.0-36348975747&doi=10.1016%2fj.lrp.2007.08.004&partnerID=40&md5=f9805d627c86702fdb0f9266f89c05f0;
Cachia R., Compañó R., Da Costa O.;Grasping the potential of online social networks for foresight;2007;Technological Forecasting and Social Change;https://www.scopus.com/inward/record.uri?eid=2-s2.0-34548359367&doi=10.1016%2fj.techfore.2007.05.006&partnerID=40&md5=7ee4b01eb8011acf54c5576d86424630;
Könnölä T., Brummer V., Salo A.;Diversity in foresight: Insights from the fostering of innovation ideas;2007;Technological Forecasting and Social Change;https://www.scopus.com/inward/record.uri?eid=2-s2.0-34248507218&doi=10.1016%2fj.techfore.2006.11.003&partnerID=40&md5=fd1ccfc8c2c83b4289319a8a88edf6b6;
Hiltunen E.;Was it a wild card or just our blindness to gradual change?;2006;Journal of Futures Studies;https://www.scopus.com/inward/record.uri?eid=2-s2.0-33847722532&partnerID=40&md5=d9e75d4c36f7a1d3da07834c6bc8cdb8;
Ilmola L., Kuusi O.;Filters of weak signals hinder foresight: Monitoring weak signals efficiently in corporate decision-making;2006;Futures;https://www.scopus.com/inward/record.uri?eid=2-s2.0-33747803922&doi=10.1016%2fj.futures.2005.12.019&partnerID=40&md5=8cb75a319294cfc701912f129d19cf81;
Saul P.;Seeing the future in weak signals;2006;Journal of Futures Studies;https://www.scopus.com/inward/record.uri?eid=2-s2.0-33746580819&partnerID=40&md5=a1a518a483feccfc29fceed136685c8f;
Boutellier R., Biedermann A.;Identification of issues with controversial technologies;2006;International Journal of Technology Intelligence and Planning;https://www.scopus.com/inward/record.uri?eid=2-s2.0-64749093301&doi=10.1504%2fIJTIP.2006.011559&partnerID=40&md5=c7767804b174d484b1d9494367fffae5;
Kajava J., Savola R., Varonen R.;Weak signals in information security management;2005;Lecture Notes in Computer Science (including subseries Lecture Notes in Artificial Intelligence and Lecture Notes in Bioinformatics);https://www.scopus.com/inward/record.uri?eid=2-s2.0-33646833795&doi=10.1007%2f11596981_75&partnerID=40&md5=90e0545cdf1fadd425c752231137b7bb;
Schwarz J.O.;Pitfalls in implementing a strategic early warning system;2005;Foresight;https://www.scopus.com/inward/record.uri?eid=2-s2.0-23744482922&doi=10.1108%2f14636680510611813&partnerID=40&md5=f5c9152b9b3020af7f6d0351b3a30fb4;
Decker R., Wagner R., Scholz S.W.;An internet-based approach to environmental scanning in marketing planning;2005;Marketing Intelligence and Planning;https://www.scopus.com/inward/record.uri?eid=2-s2.0-20144365153&doi=10.1108%2f02634500510589930&partnerID=40&md5=4a52ffc7b9f31949ef12de2f4942de01;
Julien P.-A., Lachance R., Morin M.;"Strong signals and weak signals; A study of network links in innovative SMEs [Signaux forts et signaux faibles: Une enquête sur les liens réticulaires dans les PME dynamiques]";2004;Geographie Economie Societe;https://www.scopus.com/inward/record.uri?eid=2-s2.0-17644407315&partnerID=40&md5=43254fdec3ac291b21e0cc0f74bf3d97;
Haeckel S.H.;Peripheral vision: Sensing and acting on weak signals making meaning out of apparent noise: The need for a new managerial framework;2004;Long Range Planning;https://www.scopus.com/inward/record.uri?eid=2-s2.0-2342422782&doi=10.1016%2fj.lrp.2004.01.006&partnerID=40&md5=a44f9734d01a6f4749c9b8ebde0a6576;
Mendonça S., Cunha M.P., Kaivo-oja J., Ruff F.;Wild cards, weak signals and organisational improvisation;2004;Futures;https://www.scopus.com/inward/record.uri?eid=2-s2.0-0346335577&doi=10.1016%2fS0016-3287%2803%2900148-4&partnerID=40&md5=7bdc4eedc1d2cbfa401995390db16826;
Kuusi O., Meyer M.;Technological generalizations and leitbilder-the anticipation of technological opportunities;2002;Technological Forecasting and Social Change;https://www.scopus.com/inward/record.uri?eid=2-s2.0-0036642099&doi=10.1016%2fS0040-1625%2802%2900182-8&partnerID=40&md5=05d9847f247675f79b9773badd18fa29;
Halme M.;Corporate environmental paradigms in shift: Learning during the course of action at UPM-kymmene;2002;Journal of Management Studies;https://www.scopus.com/inward/record.uri?eid=2-s2.0-0036898261&doi=10.1111%2f1467-6486.00325&partnerID=40&md5=08e6f6373cbd9d6e141061db3715f5d6;
Nikander I.O., Eloranta E.;Project management by early warnings;2001;International Journal of Project Management;https://www.scopus.com/inward/record.uri?eid=2-s2.0-0035480350&doi=10.1016%2fS0263-7863%2800%2900021-1&partnerID=40&md5=c22b08e1055a7b553ce6a8ee6eb4aa36;
Zöschg D., Wilhelm W., Knapp H., Wurzer M., Meister T.F., Böck J., Wohlmuth H.-D., Aufinger K., Treitinger L.;Monolithic integrated LNAs in silicon-based bipolar technologies;2000;IEEE/AFCEA - EUROCOMM 2000: Information Systems for Enhanced Public Safety and Security;https://www.scopus.com/inward/record.uri?eid=2-s2.0-33748352627&doi=10.1109%2fEURCOM.2000.874842&partnerID=40&md5=9356b73dbde5426bd5e66dcbb30b2b37;
COMMENT R., JARRELL G.A.;The Relative Signalling Power of Dutch‐Auction and Fixed‐Price Self‐Tender Offers and Open‐Market Share Repurchases;1991;The Journal of Finance;https://www.scopus.com/inward/record.uri?eid=2-s2.0-84977719740&doi=10.1111%2fj.1540-6261.1991.tb04617.x&partnerID=40&md5=fa29bbdd05c0311668275bf01068e825;
Camillus J.C., Datta D.K.;Managing strategic issues in a turbulent environment;1991;Long Range Planning;https://www.scopus.com/inward/record.uri?eid=2-s2.0-0042062135&doi=10.1016%2f0024-6301%2891%2990081-X&partnerID=40&md5=0026a471d3cb6039d836e40ee9ce4a95;
Narchal R.M., Kittappa K., Bhattacharya P.;An environmental scanning system for business planning;1987;Long Range Planning;https://www.scopus.com/inward/record.uri?eid=2-s2.0-0023570550&doi=10.1016%2f0024-6301%2887%2990137-3&partnerID=40&md5=311382acffaa9c69c1610e1c13d27f5b;
Ansoff H.I.;Strategic issue management;1980;Strategic Management Journal;https://www.scopus.com/inward/record.uri?eid=2-s2.0-84989084960&doi=10.1002%2fsmj.4250010204&partnerID=40&md5=21653b381820b6c52c2716860282a728;
Ansoff H.I.;Managing Strategic Surprise by Response to Weak Signals;1975;California Management Review;https://www.scopus.com/inward/record.uri?eid=2-s2.0-84968297734&doi=10.2307%2f41164635&partnerID=40&md5=883837ea6614aec11a3b34c13fa2dc5e;