"0","# install.packages(""ggplot2"")"
"0","# install.packages(""data.table"")"
"0","# install.packages(""stargazer"")"
"0","# install.packages(""skimr"")"
"0","# install.packages(""mlbench"")"
"0","# install.packages(""caretEnsemble"")"
"0","# install.packages(""rattle"")"
"0","# install.packages(""xray"")"
"0","library(ggplot2)"
"0","library(data.table)"
"0","library(stargazer)"
"0","library(skimr)"
"0","library(readxl)"
"0","library(dplyr)"
"0","library(tidyverse)"
"0","library(caret)"
"0","library(mlbench)"
"0","library(caretEnsemble)"
"0","library(rattle)"
